{"cameraMode":{"drawMode":0,"name":"Shaded","section":"Shading Mode"},"sceneLighting":false,"audioPlay":false,"sceneViewState":{"m_AlwaysRefresh":false,"showFog":true,"showSkybox":false,"showFlares":true,"showImageEffects":true,"showParticleSystems":true,"showVisualEffectGraphs":true,"m_FxEnabled":true},"in2DMode":false,"pivot":{"x":0.15215706825256349,"y":1.9138243198394776,"z":-1.5516157150268555},"rotation":{"x":-0.03601719066500664,"y":-0.9614925980567932,"z":0.22375310957431794,"w":-0.15601429343223573},"size":7.193968296051025,"orthographic":true}