{"cameraMode":{"drawMode":0,"name":"Shaded","section":"Shading Mode"},"sceneLighting":true,"audioPlay":false,"sceneViewState":{"m_AlwaysRefresh":false,"showFog":true,"showSkybox":true,"showFlares":true,"showImageEffects":true,"showParticleSystems":true,"showVisualEffectGraphs":true,"m_FxEnabled":true},"in2DMode":false,"pivot":{"x":-2.108961343765259,"y":0.20414724946022035,"z":2.440152168273926},"rotation":{"x":-0.3841719329357147,"y":-0.029783159494400026,"z":0.012758848257362843,"w":-0.922795832157135},"size":2.1581907272338869,"orthographic":true}