{"cameraMode":{"drawMode":0,"name":"Shaded","section":"Shading Mode"},"sceneLighting":true,"audioPlay":false,"sceneViewState":{"m_AlwaysRefresh":false,"showFog":true,"showSkybox":true,"showFlares":true,"showImageEffects":true,"showParticleSystems":true,"showVisualEffectGraphs":true,"m_FxEnabled":true},"in2DMode":false,"pivot":{"x":-0.00220489501953125,"y":0.07500004768371582,"z":-0.0014324188232421876},"rotation":{"x":-0.19930455088615418,"y":0.7654269337654114,"z":-0.28054162859916689,"w":-0.5437923669815064},"size":11.456865310668946,"orthographic":true}